<release-config>
	<system>
		<!-- Check Type may be WORKSPACE or ROAR -->
		<check-type>WORKSPACE</check-type>
		<!-- In case if WORKSPACE check type is used "devstudio-workspace" specifies 
			the location of the modules in the DevStudio -->
		<devstudio-workspace>d:\Documents\Workspaces\BMC\DevStudio79\BAO DEV Environment-2017-04-06T062841Z\DEV</devstudio-workspace>
		<!-- In case if ROAR check type is used "exported-modules" specifies the 
			location of the exported modules from the DevStudio -->
		<!-- <exported-modules></exported-modules></exported-modules></exported-modules> -->
	</system>
	<options>
		<output-to-console>true</output-to-console>
		<output-to-file>true</output-to-file>

		<!-- can be used only with WORKSPACE mode -->
		<cache-enabled>false</cache-enabled>

		<!-- Consistency Check Options -->
		<checkBugKB000112708>true</checkBugKB000112708>
		<check-undefined-tokens>false</check-undefined-tokens>

		<!-- Optimization Options -->

		<check-unused-tokens>false</check-unused-tokens>

		<check-unreferenced-module-configurations>
			<enabled>true</enabled>
			<ignore>
				<rule rule-type="starts-with">:My Module 1:Base_Config</rule>
				<rule>:My Module 1:Test:User</rule>
			</ignore>
		</check-unreferenced-module-configurations>

		<check-unreferenced-processes>
			<enabled>false</enabled>
			<ignore>
				<rule rule-type="starts-with">:My Module 1:Web_Services</rule>
				<rule>:My Module 3:My Process 1</rule>
			</ignore>
		</check-unreferenced-processes>

		<check-referenced-module-configuration-folders>
			<enabled>true</enabled>
			<subelement-levels>
				<info>2</info>
				<warn>3</warn>
				<error>5</error>
			</subelement-levels>
		</check-referenced-module-configuration-folders>
	</options>

	<modules>
		<system-module>AMP-AD-BMC-Remedy-ARS</system-module>
		<system-module>AutoPilot-OA-Common_Utilities</system-module>
		<system-module>AutoPilot-OA-File_Utilities</system-module>
		<system-module>AutoPilot-AD-Utilities</system-module>
		<custom-module>My Module 1</custom-module>
		<custom-module>My Module 2</custom-module>
		<custom-module>My Module 3</custom-module>
	</modules>

</release-config>